Experiment,Epoch,Training_Loss,Validation_Loss
2500_50,1,0.10786029696464539,0.07041865587234497
2500_50,2,0.06203526258468628,0.053768645972013474
2500_50,3,0.04796480014920235,0.0425369031727314
2500_50,4,0.03932763636112213,0.036515604704618454
2500_50,5,0.034271128475666046,0.03255345672369003
2500_50,6,0.030000220984220505,0.02863866277039051
2500_50,7,0.026302451267838478,0.025815965607762337
2500_50,8,0.023655863478779793,0.023864654824137688
2500_50,9,0.0217233058065176,0.022446423768997192
2500_50,10,0.02029532752931118,0.021665720269083977
2500_50,11,0.0195869579911232,0.0207713283598423
2500_50,12,0.018778003752231598,0.019751569256186485
2500_50,13,0.01783817447721958,0.019529668614268303
2500_50,14,0.01711716316640377,0.019178619608283043
2500_50,15,0.016672862693667412,0.018304146826267242
2500_50,16,0.016532855108380318,0.018777253106236458
2500_50,17,0.015815993770956993,0.01745634898543358
2500_50,18,0.014908588491380215,0.017029620707035065
2500_50,19,0.014383123256266117,0.016657976433634758
2500_50,20,0.01394132524728775,0.01632303185760975
2500_50,21,0.01353574451059103,0.01598934642970562
2500_50,22,0.013136308640241623,0.015690363943576813
2500_50,23,0.012769477441906929,0.015403431840240955
2500_50,24,0.012422621250152588,0.015127087943255901
2500_50,25,0.012091022916138172,0.014845087192952633
2500_50,26,0.011771208606660366,0.014587431214749813
2500_50,27,0.01147664524614811,0.014362663961946964
2500_50,28,0.011193047277629375,0.014165331609547138
2500_50,29,0.010932039469480515,0.01397895161062479
2500_50,30,0.010684533044695854,0.013822013512253761
2500_50,31,0.01045159250497818,0.01367254089564085
2500_50,32,0.010252812877297401,0.013557245023548603
2500_50,33,0.010114400647580624,0.013350837863981724
2500_50,34,0.010208643972873688,0.013830743730068207
2500_50,35,0.01060053426772356,0.013368090614676476
2500_50,36,0.009961343370378017,0.013281670399010181
2500_50,37,0.00969055388122797,0.013207086361944675
2500_50,38,0.00965113751590252,0.013395383954048157
2500_50,39,0.009669655933976173,0.013383176177740097
2500_50,40,0.0098577244207263,0.013596555218100548
2500_50,41,0.00999749731272459,0.013691180385649204
2500_50,42,0.010779257863759995,0.013848490081727505
2500_50,43,0.010211446322500706,0.013774050399661064
2500_50,44,0.009413950145244598,0.01302800141274929
2500_50,45,0.009140991605818272,0.012677634134888649
2500_50,46,0.009052837267518044,0.012777235358953476
2500_50,47,0.008936963975429535,0.012554042972624302
2500_50,48,0.00878757145255804,0.012421040795743465
2500_50,49,0.008673489093780518,0.012635241262614727
2500_50,50,0.00873554963618517,0.012876244261860847
2500_100,1,0.008978862315416336,0.012933464720845222
2500_100,2,0.00907093659043312,0.013698454014956951
2500_100,3,0.008880374021828175,0.013247700408101082
2500_100,4,0.008465570397675037,0.012931307777762413
2500_100,5,0.008168356493115425,0.012495077215135098
2500_100,6,0.007971670478582382,0.012349937111139297
2500_100,7,0.007801101543009281,0.012347584590315819
2500_100,8,0.007661774288862944,0.012338809669017792
2500_100,9,0.007560010999441147,0.012333502061665058
2500_100,10,0.007494080346077681,0.012300240807235241
2500_100,11,0.0074537452310323715,0.012242404744029045
2500_100,12,0.007436327636241913,0.01212229672819376
2500_100,13,0.0074359336867928505,0.012027451768517494
2500_100,14,0.007436453830450773,0.012031642720103264
2500_100,15,0.0074073635041713715,0.01199018582701683
2500_100,16,0.007326145656406879,0.01179560273885727
2500_100,17,0.00719488924369216,0.011739805340766907
2500_100,18,0.007053489331156015,0.011847163550555706
2500_100,19,0.00694929389283061,0.01192749198526144
2500_100,20,0.006868119351565838,0.011936402879655361
2500_100,21,0.006790772546082735,0.011958295479416847
2500_100,22,0.0067235324531793594,0.01198631338775158
2500_100,23,0.006684161722660065,0.011988294310867786
2500_100,24,0.006676016841083765,0.011963436380028725
2500_100,25,0.006696016062051058,0.01195589080452919
2500_100,26,0.0067235552705824375,0.012018926441669464
2500_100,27,0.006749514024704695,0.012064365670084953
2500_100,28,0.006835684180259705,0.012057306244969368
2500_100,29,0.007029389496892691,0.011810557916760445
2500_100,30,0.007369879633188248,0.012131229043006897
2500_100,31,0.007518531754612923,0.012182371690869331
2500_100,32,0.00738986162468791,0.013558458536863327
2500_100,33,0.007674556225538254,0.013009890913963318
2500_100,34,0.007570330984890461,0.012276796624064445
2500_100,35,0.007045060396194458,0.012093308381736279
2500_100,36,0.006706238258630037,0.012181861326098442
2500_100,37,0.006468520034104586,0.01214497908949852
2500_100,38,0.006309202406555414,0.011921953409910202
2500_100,39,0.006216477137058973,0.011742871254682541
2500_100,40,0.006155181210488081,0.011786633171141148
2500_100,41,0.006128236651420593,0.01201753318309784
2500_100,42,0.006133644841611385,0.012236564420163631
2500_100,43,0.006195205729454756,0.012439609505236149
2500_100,44,0.0063002631068229675,0.012703660875558853
2500_100,45,0.006419082637876272,0.01292178500443697
2500_100,46,0.0065567102283239365,0.012825468555092812
2500_100,47,0.00674953730776906,0.012698736973106861
2500_100,48,0.006927447393536568,0.012328505516052246
2500_100,49,0.006824822165071964,0.012280173599720001
2500_100,50,0.006673434749245644,0.012371517717838287
2500_100,51,0.006593546364456415,0.012762620113790035
2500_100,52,0.006589713506400585,0.012843996286392212
2500_100,53,0.006579950917512178,0.0130287641659379
2500_100,54,0.006479460746049881,0.013036121614277363
2500_100,55,0.00640754634514451,0.012685533612966537
2500_100,56,0.006382393650710583,0.012357893399894238
2500_100,57,0.006316065788269043,0.012468448840081692
2500_100,58,0.006260209251195192,0.012830499559640884
2500_100,59,0.006244455464184284,0.013282842934131622
2500_100,60,0.006264538504183292,0.013310052454471588
2500_100,61,0.00624888576567173,0.013419309630990028
2500_100,62,0.00615722918882966,0.013248303905129433
2500_100,63,0.006147352512925863,0.01260410901159048
2500_100,64,0.006184304598718882,0.012287688441574574
2500_100,65,0.006214598659425974,0.012265660800039768
2500_100,66,0.006270410493016243,0.012158127501606941
2500_100,67,0.006326719187200069,0.01208791695535183
2500_100,68,0.0063202171586453915,0.012185267172753811
2500_100,69,0.00622668769210577,0.012126862071454525
2500_100,70,0.0061090849339962006,0.012025096453726292
2500_100,71,0.00598008930683136,0.01164721604436636
2500_100,72,0.005850130692124367,0.011498772539198399
2500_100,73,0.0058160945773124695,0.011379016563296318
2500_100,74,0.00576788978651166,0.01142909936606884
2500_100,75,0.005678129382431507,0.01161685399711132
2500_100,76,0.005575009621679783,0.011561932042241096
2500_100,77,0.005451628006994724,0.011527861468493938
2500_100,78,0.005335580091923475,0.011529282666742802
2500_100,79,0.005279347766190767,0.011514340527355671
2500_100,80,0.005274152848869562,0.011481664143502712
2500_100,81,0.005311565473675728,0.011496012099087238
2500_100,82,0.005381731316447258,0.011573336087167263
2500_100,83,0.0054842280223965645,0.011545369401574135
2500_100,84,0.005567184649407864,0.011690361425280571
2500_100,85,0.00549457548186183,0.011657435446977615
2500_100,86,0.005412191618233919,0.011457283981144428
2500_100,87,0.00538760656490922,0.011424863710999489
2500_100,88,0.005373845342546701,0.0113483015447855
2500_100,89,0.005305259022861719,0.011394417844712734
2500_100,90,0.005184446927160025,0.01131949108093977
2500_100,91,0.0050535649061203,0.011378627270460129
2500_100,92,0.004960909485816956,0.011283349245786667
2500_100,93,0.004917630460113287,0.011256717145442963
2500_100,94,0.004893417935818434,0.011369120329618454
2500_100,95,0.004874830599874258,0.011505349539220333
2500_100,96,0.004887315910309553,0.011565646156668663
2500_100,97,0.004919819533824921,0.011603116989135742
2500_100,98,0.004978269338607788,0.01156971137970686
2500_100,99,0.0050315591506659985,0.011366432532668114
2500_100,100,0.004980613477528095,0.011526109650731087
5000_50,1,0.008699649944901466,0.008158719167113304
5000_50,2,0.007789873983711004,0.007937508635222912
5000_50,3,0.007294262293726206,0.007780647370964289
5000_50,4,0.006958198733627796,0.00766612496227026
5000_50,5,0.006702819839119911,0.0075830197893083096
5000_50,6,0.006501680240035057,0.007529499474912882
5000_50,7,0.0063346256501972675,0.007486789487302303
5000_50,8,0.0061883567832410336,0.007460298482328653
5000_50,9,0.006061319261789322,0.007450503762811422
5000_50,10,0.005948793608695269,0.007422188296914101
5000_50,11,0.005847465712577105,0.007411770056933165
5000_50,12,0.005754960235208273,0.007395158987492323
5000_50,13,0.00567141268402338,0.0073867980390787125
5000_50,14,0.005593098700046539,0.007382550276815891
5000_50,15,0.005521066021174192,0.007393294479697943
5000_50,16,0.005454132799059153,0.0074014184065163136
5000_50,17,0.005389683414250612,0.007411501836031675
5000_50,18,0.005331207998096943,0.007420938462018967
5000_50,19,0.005276069976389408,0.007432811893522739
5000_50,20,0.005223175510764122,0.007446836680173874
5000_50,21,0.0051734005101025105,0.007432383485138416
5000_50,22,0.005128111224621534,0.0074361637234687805
5000_50,23,0.005089865531772375,0.007423960603773594
5000_50,24,0.005055190995335579,0.007404194213449955
5000_50,25,0.005032336805015802,0.007432668004184961
5000_50,26,0.005048933904618025,0.007511463016271591
5000_50,27,0.005256767384707928,0.008089129813015461
5000_50,28,0.005446264985948801,0.007870043627917767
5000_50,29,0.005411672871559858,0.007845601998269558
5000_50,30,0.005359243135899305,0.007824611850082874
5000_50,31,0.005337391048669815,0.007804277818650007
5000_50,32,0.005368106998503208,0.007774850353598595
5000_50,33,0.0053464793600142,0.00798891857266426
5000_50,34,0.00524280546233058,0.008042994886636734
5000_50,35,0.005085998214781284,0.007796249818056822
5000_50,36,0.004969789646565914,0.007638379465788603
5000_50,37,0.004909125622361898,0.007548895198851824
5000_50,38,0.004869578871876001,0.007525837980210781
5000_50,39,0.004833385813981295,0.007514747325330973
5000_50,40,0.004791489336639643,0.007552016526460648
5000_50,41,0.004758112598210573,0.007654015440493822
5000_50,42,0.0047691441141068935,0.007851261645555496
5000_50,43,0.004850861616432667,0.00788408424705267
5000_50,44,0.004939243663102388,0.007890362292528152
5000_50,45,0.004944064188748598,0.0077613163739442825
5000_50,46,0.00491768354550004,0.007562228478491306
5000_50,47,0.00489919725805521,0.0075355214066803455
5000_50,48,0.00485739903524518,0.0076087890192866325
5000_50,49,0.004822096787393093,0.007676838897168636
5000_50,50,0.004790267441421747,0.007612314540892839
5000_100,1,0.004756643436849117,0.0075872368179261684
5000_100,2,0.0047261375002563,0.007711165118962526
5000_100,3,0.004663327243179083,0.007704837713390589
5000_100,4,0.004616413731127977,0.007584332022815943
5000_100,5,0.004602735862135887,0.007507503032684326
5000_100,6,0.004575687926262617,0.007563205435872078
5000_100,7,0.00451333774253726,0.007636746391654015
5000_100,8,0.004459492862224579,0.007578777614980936
5000_100,9,0.004404290113598108,0.007519499398767948
5000_100,10,0.004365920089185238,0.007466754876077175
5000_100,11,0.0043223267421126366,0.007420123089104891
5000_100,12,0.0042932769283652306,0.007397938519716263
5000_100,13,0.004274872597306967,0.00745333731174469
5000_100,14,0.004270307719707489,0.007519073318690062
5000_100,15,0.00427285535261035,0.007555767893791199
5000_100,16,0.0042706942185759544,0.0075983693823218346
5000_100,17,0.0042727310210466385,0.007705968804657459
5000_100,18,0.004295376129448414,0.007803301326930523
5000_100,19,0.0043138680048286915,0.007818811573088169
5000_100,20,0.004320913460105658,0.007657152600586414
5000_100,21,0.004335494711995125,0.007540084421634674
5000_100,22,0.004386774264276028,0.007563343271613121
5000_100,23,0.004376787692308426,0.007569969166070223
5000_100,24,0.004307244438678026,0.007551898248493671
5000_100,25,0.004249652847647667,0.0075717493891716
5000_100,26,0.004215278197079897,0.007662500254809856
5000_100,27,0.004243460949510336,0.007720181718468666
5000_100,28,0.00433040875941515,0.007833002135157585
5000_100,29,0.0044845882803201675,0.007773503661155701
5000_100,30,0.004646663554012775,0.007869318127632141
5000_100,31,0.00461413012817502,0.007877134718000889
5000_100,32,0.004538418725132942,0.008076027035713196
5000_100,33,0.00451610516756773,0.008508659899234772
5000_100,34,0.004531411454081535,0.00885571725666523
5000_100,35,0.004476126283407211,0.008750181645154953
5000_100,36,0.004378144163638353,0.00862707756459713
5000_100,37,0.004292621742933989,0.008685619570314884
5000_100,38,0.004228345118463039,0.008732791058719158
5000_100,39,0.00419408967718482,0.008653481490910053
5000_100,40,0.004163285717368126,0.008531386964023113
5000_100,41,0.004127487540245056,0.00844652485102415
5000_100,42,0.004101279191672802,0.008440472185611725
5000_100,43,0.0040784128941595554,0.00840598251670599
5000_100,44,0.004068899899721146,0.008287944830954075
5000_100,45,0.004057539626955986,0.008146355859935284
5000_100,46,0.004016324412077665,0.00808208342641592
5000_100,47,0.003979285713285208,0.008024940267205238
5000_100,48,0.003954699262976646,0.00793364830315113
5000_100,49,0.003940893337130547,0.00785091333091259
5000_100,50,0.003939703572541475,0.007798494305461645
5000_100,51,0.003950578160583973,0.007783276028931141
5000_100,52,0.003969341050833464,0.007760745473206043
5000_100,53,0.003978049848228693,0.007759877480566502
5000_100,54,0.00399290444329381,0.007832163013517857
5000_100,55,0.00398948322981596,0.00791572779417038
5000_100,56,0.003978094086050987,0.007997299544513226
5000_100,57,0.0039789266884326935,0.00811758078634739
5000_100,58,0.004012651741504669,0.008274990133941174
5000_100,59,0.004037460777908564,0.008437911048531532
5000_100,60,0.004039664287120104,0.008343816734850407
5000_100,61,0.004032347351312637,0.00822583306580782
5000_100,62,0.0040216934867203236,0.008129262365400791
5000_100,63,0.003994879312813282,0.00804026797413826
5000_100,64,0.003982845693826675,0.008018115535378456
5000_100,65,0.0039815944619476795,0.00791590753942728
5000_100,66,0.004016121383756399,0.007889581844210625
5000_100,67,0.004084528889507055,0.00798865221440792
5000_100,68,0.004188910126686096,0.008188563399016857
5000_100,69,0.004237308632582426,0.008411106653511524
5000_100,70,0.0042191422544419765,0.008100965991616249
5000_100,71,0.004208287224173546,0.007963834330439568
5000_100,72,0.004184616729617119,0.007952328771352768
5000_100,73,0.004111865069717169,0.00794210284948349
5000_100,74,0.004035348538309336,0.007926804013550282
5000_100,75,0.0039754994213581085,0.007922017015516758
5000_100,76,0.003943478688597679,0.008008147589862347
5000_100,77,0.0039419797249138355,0.008131453767418861
5000_100,78,0.003975994884967804,0.008176391944289207
5000_100,79,0.0040416656993329525,0.008190752938389778
5000_100,80,0.004106693901121616,0.008133846335113049
5000_100,81,0.004152948502451181,0.008036262355744839
5000_100,82,0.004156454931944609,0.007962202653288841
5000_100,83,0.004099189769476652,0.007946053519845009
5000_100,84,0.004026589449495077,0.007936866022646427
5000_100,85,0.0039531392976641655,0.007912849076092243
5000_100,86,0.003881447948515415,0.00786848459392786
5000_100,87,0.003836308605968952,0.007810311857610941
5000_100,88,0.0038008156698197126,0.007764904294162989
5000_100,89,0.003777660196647048,0.00780877098441124
5000_100,90,0.0037674997001886368,0.007904996164143085
5000_100,91,0.003769097151234746,0.00800724234431982
5000_100,92,0.0037981723435223103,0.008062203414738178
5000_100,93,0.0038343993946909904,0.008076292462646961
5000_100,94,0.0038719463627785444,0.008096459321677685
5000_100,95,0.0039159804582595825,0.008206093683838844
5000_100,96,0.003989499062299728,0.008264723233878613
5000_100,97,0.004103437997400761,0.00828045979142189
5000_100,98,0.004236271604895592,0.008224213495850563
5000_100,99,0.004250791389495134,0.00813710130751133
5000_100,100,0.004095515701919794,0.008359869010746479
